title,price,availability,rating,image_link
It's Only the Himalayas,£45.17,Out of Stock,Two,https://books.toscrape.com/media/cache/27/a5/27a53d0bb95bdd88288eaf66c9230d7e.jpg
Full Moon over Noah’s ...,£49.43,Out of Stock,Four,https://books.toscrape.com/media/cache/57/77/57770cac1628f4407636635f4b85e88c.jpg
See America: A Celebration ...,£48.87,Out of Stock,Three,https://books.toscrape.com/media/cache/9a/7e/9a7e63f12829df4b43b31d110bf3dc2e.jpg
Vagabonding: An Uncommon Guide ...,£36.94,Out of Stock,Two,https://books.toscrape.com/media/cache/d5/bf/d5bf0090470b0b8ea46d9c166f7895aa.jpg
Under the Tuscan Sun,£37.33,Out of Stock,Three,https://books.toscrape.com/media/cache/98/c2/98c2e95c5fd1a4e7cd5f2b63c52826cb.jpg
A Summer In Europe,£44.34,Out of Stock,Two,https://books.toscrape.com/media/cache/4e/15/4e15150388702ebca2c5a523ac270539.jpg
The Great Railway Bazaar,£30.54,Out of Stock,One,https://books.toscrape.com/media/cache/76/de/76de41867f323d7f1f4fbe2fdfc1b2ba.jpg
A Year in Provence ...,£56.88,Out of Stock,Four,https://books.toscrape.com/media/cache/db/46/db46159b05faa5d95262112bf9c29ddd.jpg
The Road to Little ...,£23.21,Out of Stock,One,https://books.toscrape.com/media/cache/e0/4f/e04f8eda2a2fa947aec17640202d9ab0.jpg
Neither Here nor There: ...,£38.95,Out of Stock,Three,https://books.toscrape.com/media/cache/06/81/0681530a7bc301caf5c3257e1b0f0750.jpg
"1,000 Places to See ...",£26.08,Out of Stock,Five,https://books.toscrape.com/media/cache/d7/0f/d70f7edd92705c45a82118c3ff6c299d.jpg
Sharp Objects,£47.82,Out of Stock,Four,https://books.toscrape.com/media/cache/32/51/3251cf3a3412f53f339e42cac2134093.jpg
"In a Dark, Dark ...",£19.63,Out of Stock,One,https://books.toscrape.com/media/cache/23/85/238570a1c284e730dbc737a7e631ae2b.jpg
The Past Never Ends,£56.50,Out of Stock,Four,https://books.toscrape.com/media/cache/89/b8/89b850edb01851a91f64ba114b96acb6.jpg
A Murder in Time,£16.64,Out of Stock,One,https://books.toscrape.com/media/cache/11/aa/11aaad48b5f15e262456ca65294084da.jpg
The Murder of Roger ...,£44.10,Out of Stock,Four,https://books.toscrape.com/media/cache/29/fe/29fe70b1b2e5a9ba61d4bd331255e19e.jpg
The Last Mile (Amos ...,£54.21,Out of Stock,Two,https://books.toscrape.com/media/cache/37/f1/37f118b4a56d866e1e8b563759d6966c.jpg
That Darkness (Gardiner and ...,£13.92,Out of Stock,One,https://books.toscrape.com/media/cache/44/9e/449ed681142bc336646abee754e96639.jpg
Tastes Like Fear (DI ...,£10.69,Out of Stock,One,https://books.toscrape.com/media/cache/3c/91/3c91d97266bd6dda322089695fb46daf.jpg
A Time of Torment ...,£48.35,Out of Stock,Five,https://books.toscrape.com/media/cache/e8/c0/e8c0ba15066bab950ae161fd60949b9a.jpg
A Study in Scarlet ...,£16.73,Out of Stock,Two,https://books.toscrape.com/media/cache/8f/a4/8fa41d6caa10e427356b8a590eb4d96b.jpg
Poisonous (Max Revere Novels ...,£26.80,Out of Stock,Three,https://books.toscrape.com/media/cache/23/52/2352718971d5e166fa9541a5a7d716fa.jpg
Murder at the 42nd ...,£54.36,Out of Stock,Four,https://books.toscrape.com/media/cache/c3/8d/c38d65cd155b67ca025f0655bd1bb095.jpg
Most Wanted,£35.28,Out of Stock,Three,https://books.toscrape.com/media/cache/8b/bc/8bbc5ab4c3784b4d9b93eb0fd1fb6fd6.jpg
Hide Away (Eve Duncan ...,£11.84,Out of Stock,One,https://books.toscrape.com/media/cache/57/07/5707c3d5d4fd44d943d51730ba7d429a.jpg
Boar Island (Anna Pigeon ...,£59.48,Out of Stock,Three,https://books.toscrape.com/media/cache/d5/81/d58157866ea8f015a8e4c55b23b8c96f.jpg
The Widow,£27.26,Out of Stock,Two,https://books.toscrape.com/media/cache/fd/71/fd71fb07247bf911505a351c0670c6dc.jpg
Playing with Fire,£13.71,Out of Stock,Three,https://books.toscrape.com/media/cache/90/0b/900bd2e60d56b6480a4e8eb2dddb46d6.jpg
What Happened on Beale ...,£25.37,Out of Stock,Five,https://books.toscrape.com/media/cache/c7/ab/c7abb5e32bd37118a87523dcee0a70a6.jpg
The Bachelor Girl's Guide ...,£52.30,Out of Stock,Five,https://books.toscrape.com/media/cache/95/d7/95d7541679fcbd579b8a4f2b47231aaf.jpg
Delivering the Truth (Quaker ...,£20.89,Out of Stock,Four,https://books.toscrape.com/media/cache/57/31/5731a5d46c2c1e88977eb5e6d1337a2e.jpg
Tipping the Velvet,£53.74,Out of Stock,One,https://books.toscrape.com/media/cache/26/0c/260c6ae16bce31c8f8c95daddd9f4a1c.jpg
Forever and Forever: The ...,£29.69,Out of Stock,Three,https://books.toscrape.com/media/cache/d6/58/d658a1485b130ff26ca5fb0d5975ed2e.jpg
A Flight of Arrows ...,£55.53,Out of Stock,Five,https://books.toscrape.com/media/cache/82/96/8296f92b70fb1dafefecda92c1d51941.jpg
The House by the ...,£36.95,Out of Stock,One,https://books.toscrape.com/media/cache/0d/cb/0dcb33d60b0e79adf8ab9842e697ea2e.jpg
Mrs. Houdini,£30.25,Out of Stock,Five,https://books.toscrape.com/media/cache/0e/fe/0efe86960cdff718aed01a5c3f65b1c3.jpg
The Marriage of Opposites,£28.08,Out of Stock,Four,https://books.toscrape.com/media/cache/0f/c2/0fc21ec3489cb23116778ee84f425eca.jpg
Glory over Everything: Beyond ...,£45.84,Out of Stock,Three,https://books.toscrape.com/media/cache/96/41/964194a317f8ce5ed031bf4c9ceb43ab.jpg
"Love, Lies and Spies",£20.55,Out of Stock,Two,https://books.toscrape.com/media/cache/7a/22/7a224a6e174af91950e9b124afe54e0e.jpg
A Paris Apartment,£39.01,Out of Stock,Four,https://books.toscrape.com/media/cache/16/57/16575316618bd7e922d5b0e0f87de2ca.jpg
Lilac Girls,£17.28,Out of Stock,Two,https://books.toscrape.com/media/cache/6c/2e/6c2e764e3ea89859b52df8de4f12af7a.jpg
The Constant Princess (The ...,£16.62,Out of Stock,Three,https://books.toscrape.com/media/cache/fc/80/fc80b999ff4b8ef24b7071f62d2bf6d1.jpg
The Invention of Wings,£37.34,Out of Stock,One,https://books.toscrape.com/media/cache/62/fa/62fa1e72f06f05762db5d9cedf654153.jpg
World Without End (The ...,£32.97,Out of Stock,Four,https://books.toscrape.com/media/cache/be/7c/be7ce6fbc9a8e1a5a5b5c32e73cfd78a.jpg
The Passion of Dolssa,£28.32,Out of Stock,Five,https://books.toscrape.com/media/cache/6b/82/6b822681c4035131560d40dd3b5a6a2e.jpg
Girl With a Pearl ...,£26.77,Out of Stock,One,https://books.toscrape.com/media/cache/b7/ad/b7ad37d93d8401c84d7325aa645ff6d5.jpg
Voyager (Outlander #3),£21.07,Out of Stock,Five,https://books.toscrape.com/media/cache/b5/d8/b5d813da01f2ccd7bcfe34e2b875e752.jpg
The Red Tent,£35.66,Out of Stock,Five,https://books.toscrape.com/media/cache/b2/8f/b28f211e50e74445ca071d4279d1080d.jpg
The Last Painting of ...,£55.55,Out of Stock,Two,https://books.toscrape.com/media/cache/bf/fd/bffd473ab232c5f35e8c81bb927f1624.jpg
The Guernsey Literary and ...,£49.53,Out of Stock,One,https://books.toscrape.com/media/cache/18/f7/18f7bf6366cd7a8b947fd790d808047b.jpg
Girl in the Blue ...,£46.83,Out of Stock,Two,https://books.toscrape.com/media/cache/bf/7a/bf7a5bc1d1ebac5e9b6fbb147828a123.jpg
Scott Pilgrim's Precious Little ...,£52.29,Out of Stock,Five,https://books.toscrape.com/media/cache/94/b1/94b1b8b244bce9677c2f29ccc890d4d2.jpg
Tsubasa: WoRLD CHRoNiCLE 2 ...,£16.28,Out of Stock,One,https://books.toscrape.com/media/cache/36/df/36df4caaf1420b1183a8235355d39e69.jpg
This One Summer,£19.49,Out of Stock,Four,https://books.toscrape.com/media/cache/c4/dd/c4ddd9ced89966b0602ec85e00cd5b61.jpg
The Nameless City (The ...,£38.16,Out of Stock,Four,https://books.toscrape.com/media/cache/f4/79/f479de5f305c2ac0512702cf7155bb74.jpg
"Saga, Volume 5 (Saga ...",£51.04,Out of Stock,Two,https://books.toscrape.com/media/cache/e1/ea/e1ea6cb36e62ae6dc7b805f68ab9a700.jpg
"Rat Queens, Vol. 3: ...",£50.40,Out of Stock,Three,https://books.toscrape.com/media/cache/f3/ef/f3efd43ae0fa85d9b325d5e8783e7af5.jpg
"Princess Jellyfish 2-in-1 Omnibus, ...",£13.61,Out of Stock,Five,https://books.toscrape.com/media/cache/78/0b/780b2c28122750c2c383846155815bf7.jpg
"Pop Gun War, Volume ...",£18.97,Out of Stock,One,https://books.toscrape.com/media/cache/c8/2f/c82f629a31b3f47bdb17ac14aa51076d.jpg
Patience,£10.16,Out of Stock,Three,https://books.toscrape.com/media/cache/01/72/01726c619a05114dca75bd840095016d.jpg
"Outcast, Vol. 1: A ...",£15.44,Out of Stock,Four,https://books.toscrape.com/media/cache/cb/00/cb004189f548d75ad430d3ed19e6daa9.jpg
orange: The Complete Collection ...,£48.41,Out of Stock,One,https://books.toscrape.com/media/cache/03/88/03886a8502ca54dbce0d91c2568ab69d.jpg
"Lumberjanes, Vol. 2: Friendship ...",£46.91,Out of Stock,Two,https://books.toscrape.com/media/cache/d3/15/d3158e8d3546fb90cced3c1d44a92a34.jpg
"Lumberjanes, Vol. 1: Beware ...",£45.61,Out of Stock,Three,https://books.toscrape.com/media/cache/7e/a0/7ea062007ef00107e3c16d336b41fab2.jpg
Lumberjanes Vol. 3: A ...,£19.92,Out of Stock,Two,https://books.toscrape.com/media/cache/5f/b1/5fb1bf88dcfda795606745ce35be5975.jpg
"I Hate Fairyland, Vol. ...",£29.17,Out of Stock,Two,https://books.toscrape.com/media/cache/aa/74/aa74004807e97a79aa084b5db329a99b.jpg
I am a Hero ...,£54.63,Out of Stock,Three,https://books.toscrape.com/media/cache/16/d4/16d443437126bf6d536a89312c1995a5.jpg
"Giant Days, Vol. 2 ...",£22.11,Out of Stock,Two,https://books.toscrape.com/media/cache/90/6f/906f0168b0e155a7077625499b1737b5.jpg
Danganronpa Volume 1,£51.99,Out of Stock,Four,https://books.toscrape.com/media/cache/78/97/7897eea91c4a85aca58d925861d4afec.jpg
"Codename Baboushka, Volume 1: ...",£36.72,Out of Stock,Four,https://books.toscrape.com/media/cache/f6/88/f688a9d6a89fdf38e4e88439ee9eda69.jpg
Camp Midnight,£17.08,Out of Stock,Four,https://books.toscrape.com/media/cache/dd/c9/ddc95df6754df8e71bf969c088056188.jpg
The Secret Garden,£15.08,Out of Stock,Four,https://books.toscrape.com/media/cache/c5/46/c5465a06182ed6ebfa40d049258a2f58.jpg
The Metamorphosis,£28.58,Out of Stock,One,https://books.toscrape.com/media/cache/4a/1b/4a1b6e9c1af75db0dc34ae63344f6883.jpg
The Pilgrim's Progress,£50.26,Out of Stock,Two,https://books.toscrape.com/media/cache/45/bb/45bb59d19eb3aa868293d44809078418.jpg
The Hound of the ...,£14.82,Out of Stock,Two,https://books.toscrape.com/media/cache/1f/b0/1fb03cdabe6001c8a2620f65e025cbd5.jpg
Little Women (Little Women ...,£28.07,Out of Stock,Four,https://books.toscrape.com/media/cache/81/f5/81f559ebe403317226fa8b611e35ce8a.jpg
Gone with the Wind,£32.49,Out of Stock,Three,https://books.toscrape.com/media/cache/27/82/2782701b5c877cb063065b9fc14c5b13.jpg
Candide,£58.63,Out of Stock,Three,https://books.toscrape.com/media/cache/e3/c4/e3c4aba2409bb769a6488805e3fc4709.jpg
Animal Farm,£57.22,Out of Stock,Three,https://books.toscrape.com/media/cache/10/db/10db56354b4550d92270c6f097d9bebc.jpg
Wuthering Heights,£17.73,Out of Stock,Three,https://books.toscrape.com/media/cache/93/4e/934e966c1ddf559d3ac2b5c1407aaf1e.jpg
The Picture of Dorian ...,£29.70,Out of Stock,Two,https://books.toscrape.com/media/cache/a6/72/a67245346daa38c2b23a4fc64c6e7115.jpg
The Complete Stories and ...,£26.78,Out of Stock,Four,https://books.toscrape.com/media/cache/42/c4/42c48f11b7e70a0f76c5ba9cb5c5018a.jpg
Beowulf,£38.35,Out of Stock,Two,https://books.toscrape.com/media/cache/dd/6e/dd6e7b84e99f3b4b5655ea0db74af2b4.jpg
And Then There Were ...,£35.01,Out of Stock,Two,https://books.toscrape.com/media/cache/21/bf/21bf2eb0bff3134837def8bd40845ba0.jpg
The Story of Hong ...,£43.19,Out of Stock,Four,https://books.toscrape.com/media/cache/ab/16/ab16eb035cc58809a73c4699477de9cb.jpg
The Little Prince,£45.42,Out of Stock,Two,https://books.toscrape.com/media/cache/c0/78/c078355608dd81c7c5e4f5e1c5f73d23.jpg
Sense and Sensibility,£37.46,Out of Stock,One,https://books.toscrape.com/media/cache/7d/53/7d53e2264b9647ee307259be9f73585d.jpg
Of Mice and Men,£47.11,Out of Stock,Two,https://books.toscrape.com/media/cache/0f/ca/0fca4597765ffacdb7bd529fc5eb88fa.jpg
Emma,£32.93,Out of Stock,Two,https://books.toscrape.com/media/cache/09/63/09638baaef52f03827c215029c632a13.jpg
Alice in Wonderland (Alice's ...,£55.53,Out of Stock,One,https://books.toscrape.com/media/cache/96/ee/96ee77d71a31b7694dac6855f6affe4e.jpg
The Mysterious Affair at ...,£24.80,Out of Stock,Four,https://books.toscrape.com/media/cache/32/94/3294e5eaf73a37958583483fc9a90f04.jpg
In the Woods (Dublin ...,£38.38,Out of Stock,Two,https://books.toscrape.com/media/cache/24/a1/24a175dac7cb91ff26e2d723cdc6e098.jpg
The Silkworm (Cormoran Strike ...,£23.05,Out of Stock,Five,https://books.toscrape.com/media/cache/3a/2c/3a2c46cd40a7ecbd7c40815d6390fb8a.jpg
The Exiled,£43.45,Out of Stock,Three,https://books.toscrape.com/media/cache/2d/1a/2d1aeb1cc8a23064164e230fa232cc04.jpg
The Cuckoo's Calling (Cormoran ...,£19.21,Out of Stock,One,https://books.toscrape.com/media/cache/11/81/11815f24d043f77d4f09a3522a688a5c.jpg
Extreme Prey (Lucas Davenport ...,£25.40,Out of Stock,Three,https://books.toscrape.com/media/cache/de/86/de86d4f1563fad2ca088922fbbb2b36a.jpg
Career of Evil (Cormoran ...,£24.72,Out of Stock,Two,https://books.toscrape.com/media/cache/9e/ff/9eff8b66d583e8f0ba58a0bc86de40f2.jpg
The No. 1 Ladies' ...,£57.70,Out of Stock,Four,https://books.toscrape.com/media/cache/34/2e/342ec55d460f3dd49d77dac2bd4ff489.jpg
The Girl You Lost,£12.29,Out of Stock,Five,https://books.toscrape.com/media/cache/90/0d/900dba6987796f4312a6a6737b0ea94d.jpg
The Girl In The ...,£15.85,Out of Stock,Three,https://books.toscrape.com/media/cache/d8/f7/d8f77fe7f4bb8610e903741441f84702.jpg
Blood Defense (Samantha Brinkman ...,£20.30,Out of Stock,Three,https://books.toscrape.com/media/cache/cb/f6/cbf6d4b61953f29d7eedd2c9e01a9d74.jpg
1st to Die (Women's ...,£53.98,Out of Stock,One,https://books.toscrape.com/media/cache/2b/41/2b4161c5b72a4ae386b644682361b34a.jpg
Between Shades of Gray,£20.79,Out of Stock,Five,https://books.toscrape.com/media/cache/f9/19/f919f64fc0e3642cdc604134bfd93774.jpg
While You Were Mine,£41.32,Out of Stock,Five,https://books.toscrape.com/media/cache/45/e8/45e87bcad554d79eadf0f89df9cac6f9.jpg
The Secret Healer,£34.56,Out of Stock,Three,https://books.toscrape.com/media/cache/69/d2/69d225899cce0a150c605ead01e02f60.jpg
Starlark,£25.83,Out of Stock,Three,https://books.toscrape.com/media/cache/b4/9e/b49e66e8f446d9a3dae488955f2aa487.jpg
Lost Among the Living,£27.70,Out of Stock,Four,https://books.toscrape.com/media/cache/5a/40/5a40d914bc3491e5909f1167f9cb34f2.jpg
A Spy's Devotion (The ...,£16.97,Out of Stock,Five,https://books.toscrape.com/media/cache/1b/5f/1b5ff86f3c75e51e24c573d3f8bffd8f.jpg
"Bitch Planet, Vol. 1: ...",£37.92,Out of Stock,Two,https://books.toscrape.com/media/cache/e4/1d/e41d34204a1fffbf825d8beb3dbf4cbc.jpg
The Shadow Hero (The ...,£33.14,Out of Stock,One,https://books.toscrape.com/media/cache/1f/62/1f621dda1b302fc16d83d94b0b5ac31c.jpg
"Fables, Vol. 1: Legends ...",£41.62,Out of Stock,Four,https://books.toscrape.com/media/cache/51/8c/518c184a793b751b43045637c8002eb7.jpg
Batman: The Long Halloween ...,£36.50,Out of Stock,Two,https://books.toscrape.com/media/cache/78/a7/78a7f184a4d6d62412861c68f1c3ad90.jpg
Batman: The Dark Knight ...,£15.38,Out of Stock,Five,https://books.toscrape.com/media/cache/be/a9/bea95dbd7b2a843519c9a1dcfc433f9b.jpg
"Wonder Woman: Earth One, ...",£37.34,Out of Stock,Four,https://books.toscrape.com/media/cache/19/39/19396172462f4cc0504d4e6e8b0e1647.jpg
"We Are Robin, Vol. ...",£53.90,Out of Stock,One,https://books.toscrape.com/media/cache/66/d6/66d6d2b4c0acfa8f40ad0285186ed2d8.jpg
Through the Woods,£25.38,Out of Stock,Two,https://books.toscrape.com/media/cache/4c/af/4caf8f2a5ee8828d408cc8faadd3419c.jpg
Superman Vol. 1: Before ...,£11.89,Out of Stock,Five,https://books.toscrape.com/media/cache/7e/c0/7ec0e9ca6153a23b2024b7df7407ee84.jpg
"So Cute It Hurts!!, ...",£35.43,Out of Stock,Four,https://books.toscrape.com/media/cache/b2/48/b2484d13793ff1c4271a3d4023d4d24e.jpg
Robin War,£47.82,Out of Stock,Three,https://books.toscrape.com/media/cache/45/1d/451d3543022242b8b245793e6b5c26bb.jpg
"Red Hood/Arsenal, Vol. 1: ...",£25.48,Out of Stock,Two,https://books.toscrape.com/media/cache/da/78/da78757466c3b0a2c89f0ddf6b5e642f.jpg
"Naruto (3-in-1 Edition), Vol. ...",£38.39,Out of Stock,Two,https://books.toscrape.com/media/cache/c8/22/c822360ce0f91c40f7a0491c22287646.jpg
Lowriders to the Center ...,£51.51,Out of Stock,Two,https://books.toscrape.com/media/cache/b2/97/b2978e96069dd91785e5ab0bc99c022e.jpg
El Deafo,£57.62,Out of Stock,Five,https://books.toscrape.com/media/cache/34/eb/34eb0f1b570d4f1f6ad106652f1ac6ff.jpg
Batman: Europa,£32.01,Out of Stock,Two,https://books.toscrape.com/media/cache/f1/fe/f1fecf0ce9b5771e4d2c9619e8550988.jpg
Art Ops Vol. 1,£48.80,Out of Stock,Three,https://books.toscrape.com/media/cache/0b/b4/0bb4c64f1522c033368df5567a349472.jpg
Adulthood Is a Myth: ...,£10.90,Out of Stock,Two,https://books.toscrape.com/media/cache/a2/b9/a2b974e5a66e7502c77d2e4632abe033.jpg
"Fruits Basket, Vol. 9 ...",£33.95,Out of Stock,Four,https://books.toscrape.com/media/cache/7c/ea/7cea6ff4f6f1427739b136db35fbfad4.jpg
Roller Girl,£14.10,Out of Stock,Five,https://books.toscrape.com/media/cache/b8/bd/b8bd3e5bc547c7c851689a844c9db429.jpg
"Fruits Basket, Vol. 7 ...",£19.57,Out of Stock,One,https://books.toscrape.com/media/cache/b4/36/b43672509477baa090e57ebeacbb28fb.jpg
"Fruits Basket, Vol. 6 ...",£20.96,Out of Stock,Four,https://books.toscrape.com/media/cache/94/1a/941a14dec32f0a949c38a325a715c138.jpg
"Death Note, Vol. 6: ...",£36.39,Out of Stock,Three,https://books.toscrape.com/media/cache/07/5c/075c210f5ce43b84d29646a54529d1bd.jpg
"Fruits Basket, Vol. 5 ...",£16.33,Out of Stock,One,https://books.toscrape.com/media/cache/51/cf/51cf19c74f21a7043910615fefcf0847.jpg
"Death Note, Vol. 5: ...",£52.41,Out of Stock,One,https://books.toscrape.com/media/cache/4e/c1/4ec161cc09ee437c9eda6d437d232a11.jpg
The Demon Prince of ...,£27.88,Out of Stock,Two,https://books.toscrape.com/media/cache/47/71/477173fe3000a6da4b241c2e71a21418.jpg
"Fruits Basket, Vol. 4 ...",£50.44,Out of Stock,Four,https://books.toscrape.com/media/cache/38/79/38794d8729a111018260d931e7101de2.jpg
The Wicked + The ...,£14.41,Out of Stock,Three,https://books.toscrape.com/media/cache/ee/ed/eeeddf8af9e6cc8c7f71c0e41de1b562.jpg
"The Sandman, Vol. 3: ...",£55.55,Out of Stock,Five,https://books.toscrape.com/media/cache/bb/18/bb1845c22faea465cad3d556d22936a2.jpg
"Saga, Volume 3 (Saga ...",£21.57,Out of Stock,Five,https://books.toscrape.com/media/cache/d8/fd/d8fd30b3e5781e880a3efe4c9495b417.jpg
Prodigy: The Graphic Novel ...,£43.63,Out of Stock,Three,https://books.toscrape.com/media/cache/c9/a5/c9a559e3ba407c1d70ebfc4e2f0d82db.jpg
Persepolis: The Story of ...,£39.13,Out of Stock,One,https://books.toscrape.com/media/cache/14/98/14987a55d9609e706d2619814e2a8b0a.jpg
Original Fake,£31.45,Out of Stock,Three,https://books.toscrape.com/media/cache/e7/29/e72934871f9b42a807d976670a446e12.jpg
"Grayson, Vol 3: Nemesis ...",£42.72,Out of Stock,One,https://books.toscrape.com/media/cache/f9/4c/f94cfc3c82abb799568d1ea029b1d3d1.jpg
"Fruits Basket, Vol. 3 ...",£45.17,Out of Stock,Two,https://books.toscrape.com/media/cache/7b/e7/7be75475a916d6df4edebfc5fe36c3f9.jpg
"Black Butler, Vol. 1 ...",£49.31,Out of Stock,One,https://books.toscrape.com/media/cache/99/48/9948564dec3ac2f9e32419911b181e37.jpg
Awkward,£38.02,Out of Stock,Two,https://books.toscrape.com/media/cache/41/72/417255e608c389aedfb68491dae92c9c.jpg
"The Sandman, Vol. 2: ...",£54.81,Out of Stock,One,https://books.toscrape.com/media/cache/e3/ae/e3ae48fe07d77611b49b5b78d99418ae.jpg
"Saga, Volume 2 (Saga ...",£11.75,Out of Stock,Three,https://books.toscrape.com/media/cache/1a/eb/1aeb5d30809ad96d7c323228a2bd23d3.jpg
"Fruits Basket, Vol. 2 ...",£11.64,Out of Stock,Five,https://books.toscrape.com/media/cache/e9/fb/e9fb3236b73384253144f89b6eec6a68.jpg
"Y: The Last Man, ...",£18.51,Out of Stock,Four,https://books.toscrape.com/media/cache/ae/16/ae169bb5ae814e0fb900cdf9e99332a7.jpg
The Wicked + The ...,£36.52,Out of Stock,Two,https://books.toscrape.com/media/cache/64/75/64752f8cdae54b164fb81bfd81accd55.jpg
"The Sandman, Vol. 1: ...",£54.12,Out of Stock,Three,https://books.toscrape.com/media/cache/56/ea/56eac75378feb4cab0dcb9d2101cf58b.jpg
The Complete Maus (Maus ...,£10.64,Out of Stock,Three,https://books.toscrape.com/media/cache/a6/f8/a6f889e0ba02be31875d3a324090ef5e.jpg
"Skip Beat!, Vol. 01 ...",£42.12,Out of Stock,Three,https://books.toscrape.com/media/cache/6c/60/6c607509837e2b362ffd7c0e15e7b1f9.jpg
"Saga, Volume 1 (Saga ...",£28.48,Out of Stock,One,https://books.toscrape.com/media/cache/c6/ca/c6cab3f679acb45fd2eba092ec9f6a2a.jpg
"Rat Queens, Vol. 1: ...",£46.96,Out of Stock,Five,https://books.toscrape.com/media/cache/0d/22/0d22f9ee696b7443d1573e7752645c6d.jpg
"Paper Girls, Vol. 1 ...",£21.71,Out of Stock,Four,https://books.toscrape.com/media/cache/87/2b/872ba3b06a97e6662770bc2152595b84.jpg
Ouran High School Host ...,£29.87,Out of Stock,Three,https://books.toscrape.com/media/cache/d5/c5/d5c5a6ebf05b68bee78a38a8ea62305d.jpg
"Ms. Marvel, Vol. 1: ...",£39.39,Out of Stock,Four,https://books.toscrape.com/media/cache/f4/96/f496db4d78639e233978ae2bee021752.jpg
"Hawkeye, Vol. 1: My ...",£45.24,Out of Stock,Three,https://books.toscrape.com/media/cache/16/46/16460146a1a8b99c82da027368383ade.jpg
"Giant Days, Vol. 1 ...",£56.76,Out of Stock,Four,https://books.toscrape.com/media/cache/35/0b/350b1224dc46533851d5a34134e44842.jpg
"Fruits Basket, Vol. 1 ...",£40.28,Out of Stock,Five,https://books.toscrape.com/media/cache/7c/c1/7cc13a8fb238202250e87843c1a62f94.jpg
"Bleach, Vol. 1: Strawberry ...",£34.65,Out of Stock,Five,https://books.toscrape.com/media/cache/a8/38/a8383903c98af18b898b9d70d5be2c16.jpg
"Ajin: Demi-Human, Volume 1 ...",£57.06,Out of Stock,Four,https://books.toscrape.com/media/cache/09/7c/097cb5ecc6fb3fbe1690cf0cbdea4ac5.jpg
